{"version": 2, "width": 80, "height": 24, "timestamp": 1550396983, "idle_time_limit": 5.0, "env": {"SHELL": "/bin/bash", "TERM": "xterm"}}
[0.073668, "o", "\u001b]0;oso@laptop-fai: ~\u0007oso@laptop-fai:~$ "]
[6.158756, "o", "wget https://github.com/egrosclaude/mcbe/archive/master.zip"]
[8.04975, "o", "\r\n"]
[8.063392, "o", "--2019-02-17 06:49:51--  https://github.com/egrosclaude/mcbe/archive/master.zip\r\n"]
[8.088171, "o", "Resolving github.com (github.com)... "]
[8.095062, "o", "192.30.253.112\r\nConnecting to github.com (github.com)|192.30.253.112|:443... "]
[8.374563, "o", "connected.\r\n"]
[8.737458, "o", "HTTP request sent, awaiting response... "]
[9.373976, "o", "302 Found\r\n"]
[9.374296, "o", "Location: https://codeload.github.com/egrosclaude/mcbe/zip/master [following]\r\n"]
[9.374699, "o", "--2019-02-17 06:49:52--  https://codeload.github.com/egrosclaude/mcbe/zip/master\r\nResolving codeload.github.com (codeload.github.com)... "]
[9.381839, "o", "192.30.253.120\r\nConnecting to codeload.github.com (codeload.github.com)|192.30.253.120|:443... "]
[9.60001, "o", "connected.\r\n"]
[9.988698, "o", "HTTP request sent, awaiting response... "]
[10.461689, "o", "200 OK\r\n"]
[10.462201, "o", "Length: unspecified [application/zip]\r\nSaving to: ‘master.zip’\r\n\r\n\rmaster.zip              [<=>                 ]       0  --.-KB/s               "]
[10.694666, "o", "\rmaster.zip              [ <=>                ]   5.77K  24.8KB/s               "]
[10.916174, "o", "\rmaster.zip              [  <=>               ]  30.24K  66.6KB/s               "]
[10.959479, "o", "\rmaster.zip              [   <=>              ]  56.76K   114KB/s    in 0.5s    \r\n\r\n"]
[10.96006, "o", "2019-02-17 06:49:54 (114 KB/s) - ‘master.zip’ saved [58122]\r\n\r\n"]
[11.012167, "o", "\u001b]0;oso@laptop-fai: ~\u0007oso@laptop-fai:~$ "]
[14.971907, "o", "unzip master.zip"]
[17.049409, "o", "\r\n"]
[17.054715, "o", "Archive:  master.zip\r\n2b33b2dd01ea1754cd5cc251721f4f4ab87d4590\r\n"]
[17.055733, "o", "   creating: mcbe-master/\r\n"]
[17.056533, "o", "  inflating: mcbe-master/README.md   "]
[17.056926, "o", "\r\n"]
[17.057336, "o", "   creating: mcbe-master/attic/\r\n  inflating: mcbe-master/attic/mcbecc.old  "]
[17.057804, "o", "\r\n"]
[17.05809, "o", "   creating: mcbe-master/ejemplos/\r\n"]
[17.058322, "o", " extracting: mcbe-master/ejemplos/neg.asm  \r\n"]
[17.058412, "o", " extracting: mcbe-master/ejemplos/neg.bin  "]
[17.058504, "o", "\r\n"]
[17.058637, "o", "  inflating: mcbe-master/ejemplos/nesting.asm  "]
[17.059454, "o", "\r\n  inflating: mcbe-master/ejemplos/nesting.c  "]
[17.059546, "o", "\r\n extracting: mcbe-master/ejemplos/nesting.exe  \r\n  inflating: mcbe-master/ejemplos/simple.asm  \r\n"]
[17.0597, "o", "  inflating: mcbe-master/ejemplos/simple.bin  "]
[17.059813, "o", "\r\n"]
[17.059917, "o", "  inflating: mcbe-master/ejemplos/test1.asm  "]
[17.0601, "o", "\r\n"]
[17.060245, "o", " extracting: mcbe-master/ejemplos/test1.bin  "]
[17.060364, "o", "\r\n"]
[17.060493, "o", "  inflating: mcbe-master/ejemplos/test1.c  "]
[17.060591, "o", "\r\n"]
[17.060714, "o", " extracting: mcbe-master/ejemplos/test10.bin  "]
[17.060816, "o", "\r\n"]
[17.060939, "o", "  inflating: mcbe-master/ejemplos/test10.c  "]
[17.061206, "o", "\r\n extracting: mcbe-master/ejemplos/test11.bin  "]
[17.061312, "o", "\r\n"]
[17.061403, "o", "  inflating: mcbe-master/ejemplos/test11.c  "]
[17.062805, "o", "\r\n extracting: mcbe-master/ejemplos/test12.bin  \r\n"]
[17.063136, "o", "  inflating: mcbe-master/ejemplos/test12.c  \r\n  inflating: mcbe-master/ejemplos/test13.asm  \r\n extracting: mcbe-master/ejemplos/test13.bin  \r\n  inflating: mcbe-master/ejemplos/test13.c  \r\n  inflating: mcbe-master/ejemplos/test14.asm  \r\n extracting: mcbe-master/ejemplos/test14.bin  "]
[17.063532, "o", "\r\n  inflating: mcbe-master/ejemplos/test14.c  \r\n"]
[17.063922, "o", "  inflating: mcbe-master/ejemplos/test15.asm  \r\n extracting: mcbe-master/ejemplos/test15.bin  "]
[17.064085, "o", "\r\n"]
[17.064614, "o", "  inflating: mcbe-master/ejemplos/test15.c  \r\n extracting: mcbe-master/ejemplos/test16.bin  "]
[17.06497, "o", "\r\n  inflating: mcbe-master/ejemplos/test16.c  \r\n  inflating: mcbe-master/ejemplos/test17.asm  "]
[17.065355, "o", "\r\n extracting: mcbe-master/ejemplos/test17.bin  "]
[17.065672, "o", "\r\n"]
[17.066051, "o", "  inflating: mcbe-master/ejemplos/test17.c  \r\n extracting: mcbe-master/ejemplos/test18.bin  "]
[17.066405, "o", "\r\n  inflating: mcbe-master/ejemplos/test18.c  \r\n"]
[17.066813, "o", " extracting: mcbe-master/ejemplos/test2.bin  \r\n  inflating: mcbe-master/ejemplos/test2.c  "]
[17.066988, "o", "\r\n"]
[17.067108, "o", " extracting: mcbe-master/ejemplos/test3.bin  \r\n"]
[17.06723, "o", "  inflating: mcbe-master/ejemplos/test3.c  "]
[17.067343, "o", "\r\n"]
[17.067455, "o", " extracting: mcbe-master/ejemplos/test4.bin  "]
[17.067567, "o", "\r\n"]
[17.06789, "o", "  inflating: mcbe-master/ejemplos/test4.c  "]
[17.068019, "o", "\r\n"]
[17.068224, "o", " extracting: mcbe-master/ejemplos/test5.bin  "]
[17.068355, "o", "\r\n"]
[17.06847, "o", "  inflating: mcbe-master/ejemplos/test5.c  "]
[17.068587, "o", "\r\n"]
[17.068698, "o", " extracting: mcbe-master/ejemplos/test6.bin  "]
[17.068809, "o", "\r\n"]
[17.068922, "o", "  inflating: mcbe-master/ejemplos/test6.c  "]
[17.068996, "o", "\r\n"]
[17.069463, "o", " extracting: mcbe-master/ejemplos/test7.bin  \r\n  inflating: mcbe-master/ejemplos/test7.c  \r\n"]
[17.069585, "o", " extracting: mcbe-master/ejemplos/test8.bin  "]
[17.069671, "o", "\r\n"]
[17.069804, "o", "  inflating: mcbe-master/ejemplos/test8.c  "]
[17.069894, "o", "\r\n"]
[17.070027, "o", " extracting: mcbe-master/ejemplos/test9.bin  "]
[17.070112, "o", "\r\n"]
[17.070245, "o", "  inflating: mcbe-master/ejemplos/test9.c  "]
[17.070335, "o", "\r\n"]
[17.070498, "o", "  inflating: mcbe-master/ejemplos/while.c  "]
[17.070594, "o", "\r\n"]
[17.07072, "o", "  inflating: mcbe-master/ejemplos/while2.c  "]
[17.071625, "o", "\r\n  inflating: mcbe-master/ejemplos/while3.asm  "]
[17.072646, "o", "\r\n  inflating: mcbe-master/ejemplos/while3.c  \r\n   creating: mcbe-master/img/\r\n  inflating: mcbe-master/img/.~lock.programas.odg#  \r\n  inflating: mcbe-master/img/mcbe.svg  "]
[17.072719, "o", "\r\n"]
[17.072766, "o", "  inflating: mcbe-master/img/mcbeas.svg  "]
[17.07324, "o", "\r\n"]
[17.073308, "o", "  inflating: mcbe-master/img/mcbecc.svg  "]
[17.073771, "o", "\r\n"]
[17.073846, "o", "  inflating: mcbe-master/img/pipeline.svg  "]
[17.074388, "o", "\r\n"]
[17.074461, "o", "  inflating: mcbe-master/img/programas.odg  "]
[17.074902, "o", "\r\n"]
[17.074974, "o", "  inflating: mcbe-master/mcbe        "]
[17.075164, "o", "\r\n"]
[17.075226, "o", "  inflating: mcbe-master/mcbeas      "]
[17.075475, "o", "\r\n"]
[17.075543, "o", "  inflating: mcbe-master/mcbecc      "]
[17.075749, "o", "\r\n"]
[17.076803, "o", "\u001b]0;oso@laptop-fai: ~\u0007oso@laptop-fai:~$ "]
[25.204131, "o", "cd mcbe-master"]
[26.980356, "o", "\r\n\u001b]0;oso@laptop-fai: ~/mcbe-master\u0007oso@laptop-fai:~/mcbe-master$ "]
[29.542895, "o", "l"]
[30.629585, "o", "s"]
[31.123554, "o", " "]
[31.672465, "o", "-"]
[32.058573, "o", "l"]
[32.516434, "o", "\r\n"]
[32.525299, "o", "total 48\r\n"]
[32.525769, "o", "drwxr-xr-x 2 oso oso  4096 Feb  9 14:10 \u001b[0m\u001b[01;34mattic\u001b[0m\r\ndrwxr-xr-x 2 oso oso  4096 Feb  9 14:10 \u001b[01;34mejemplos\u001b[0m\r\ndrwxr-xr-x 2 oso oso  4096 Feb  9 14:10 \u001b[01;34mimg\u001b[0m\r\n-rwxr-xr-x 1 oso oso  4367 Feb  9 14:10 \u001b[01;32mmcbe\u001b[0m\r\n-rwxr-xr-x 1 oso oso  6447 Feb  9 14:10 \u001b[01;32mmcbeas\u001b[0m\r\n-rwxr-xr-x 1 oso oso  7435 Feb  9 14:10 \u001b[01;32mmcbecc\u001b[0m\r\n-rw-r--r-- 1 oso oso 11740 Feb  9 14:10 README.md\r\n"]
[32.527418, "o", "\u001b]0;oso@laptop-fai: ~/mcbe-master\u0007oso@laptop-fai:~/mcbe-master$ "]
[33.52296, "o", "l"]
[33.642492, "o", "s"]
[34.354462, "o", " "]
[34.742772, "o", "e"]
[34.872136, "o", "j"]
[34.951815, "o", "e"]
[35.140663, "o", "m"]
[35.41333, "o", "p"]
[35.529184, "o", "l"]
[35.718267, "o", "o"]
[35.839058, "o", "s"]
[36.36631, "o", "\r\n"]
[36.370237, "o", "neg.asm      test11.bin  test14.c    test18.bin  test4.bin  test8.c\r\n"]
[36.370538, "o", "neg.bin      test11.c    test15.asm  test18.c    test4.c    test9.bin\r\nnesting.asm  test12.bin  test15.bin  test1.asm   test5.bin  test9.c\r\nnesting.c    test12.c    test15.c    test1.bin   test5.c    while2.c\r\nnesting.exe  test13.asm  test16.bin  test1.c     test6.bin  while3.asm\r\nsimple.asm   test13.bin  test16.c    test2.bin   test6.c    while3.c\r\nsimple.bin   test13.c    test17.asm  test2.c     test7.bin  while.c\r\ntest10.bin   test14.asm  test17.bin  test3.bin   test7.c\r\ntest10.c     test14.bin  test17.c    test3.c     test8.bin\r\n"]
[36.371516, "o", "\u001b]0;oso@laptop-fai: ~/mcbe-master\u0007oso@laptop-fai:~/mcbe-master$ "]
[39.282681, "o", "c"]
[39.379741, "o", "a"]
[39.590716, "o", "t"]
[39.806271, "o", " "]
[40.455226, "o", "e"]
[40.630221, "o", "j"]
[40.726513, "o", "e"]
[40.905421, "o", "m"]
[41.211619, "o", "p"]
[41.341676, "o", "l"]
[41.532013, "o", "o"]
[41.669954, "o", "s"]
[42.454166, "o", "/"]
[44.101573, "o", "n"]
[44.285057, "o", "e"]
[44.551288, "o", "g"]
[46.031571, "o", "."]
[46.314428, "o", "a"]
[46.361869, "o", "s"]
[47.221826, "o", "m"]
[48.141086, "o", "\r\n"]
[48.144274, "o", "# Pide un valor, le suma -2 y lo imprime\r\n\tLD IN\r\n\tADD DATO\r\n\tST OUT\r\n\tHLT\r\nDATO:\t-2\r\n"]
[48.145868, "o", "\u001b]0;oso@laptop-fai: ~/mcbe-master\u0007oso@laptop-fai:~/mcbe-master$ "]
[54.190532, "o", "."]
[54.703276, "o", "/"]
[55.106711, "o", "m"]
[55.350684, "o", "c"]
[55.558165, "o", "b"]
[55.734603, "o", "e"]
[55.944113, "o", "a"]
[56.019006, "o", "s"]
[58.70553, "o", "\r\n"]
[58.747947, "o", "mcbeas [opciones]  fuente.asm | -\r\n\t-h\tAyuda\r\n\t-a\tEnsamblar\r\n\t-i\tInterpretar\r\n\t-v\tVerboso\r\n\t-g\tGenerar binario\r\n"]
[58.7487, "o", "\u001b]0;oso@laptop-fai: ~/mcbe-master\u0007oso@laptop-fai:~/mcbe-master$ "]
[62.33042, "o", "./mcbeas"]
[63.544986, "o", " "]
[65.205589, "o", "-"]
[65.519129, "o", "a"]
[65.861306, "o", " "]
[68.041702, "o", "e"]
[68.224756, "o", "j"]
[68.3616, "o", "e"]
[68.582031, "o", "m"]
[68.884186, "o", "p"]
[69.036983, "o", "l"]
[69.202864, "o", "o"]
[69.286296, "o", "s"]
[69.626182, "o", "/"]
[70.265405, "o", "n"]
[70.435135, "o", "e"]
[70.588587, "o", "g"]
[70.791537, "o", "."]
[70.957655, "o", "a"]
[71.0257, "o", "s"]
[71.16148, "o", "m"]
[72.070855, "o", "\r\n"]
[72.116823, "o", " 0 01011110\r\n 1 10000100\r\n 2 01111111\r\n 3 00100000\r\n 4 11111110\r\n"]
[72.117702, "o", "\u001b]0;oso@laptop-fai: ~/mcbe-master\u0007oso@laptop-fai:~/mcbe-master$ "]
[74.398232, "o", "./mcbeas -a ejemplos/neg.asm"]
[74.844434, "o", "\b"]
[75.079771, "o", "\b"]
[75.254463, "o", "\b"]
[75.411373, "o", "\b"]
[75.593468, "o", "\b"]
[75.774401, "o", "\b"]
[75.945855, "o", "\b"]
[76.1121, "o", "\b"]
[76.275829, "o", "\b"]
[76.433332, "o", "\b"]
[76.586743, "o", "\b"]
[76.730913, "o", "\b"]
[76.895124, "o", "\b"]
[77.057762, "o", "\b"]
[77.216802, "o", "\b"]
[77.409803, "o", "\b"]
[77.550421, "o", "\b"]
[78.801418, "o", "¿ ejemplos/neg.asm\b\b\b\b\b\b\b\b\b\b\b\b\b\b\b\b\b"]
[78.996457, "o", "g ejemplos/neg.asm\b\b\b\b\b\b\b\b\b\b\b\b\b\b\b\b\b"]
[79.720066, "o", "\b\u001b[1P ejemplos/neg.asm\b\b\b\b\b\b\b\b\b\b\b\b\b\b\b\b\b"]
[80.196501, "o", "\b\u001b[1P ejemplos/neg.asm\b\b\b\b\b\b\b\b\b\b\b\b\b\b\b\b\b"]
[80.493867, "o", "\b\u001b[1P ejemplos/neg.asm\b\b\b\b\b\b\b\b\b\b\b\b\b\b\b\b\b"]
[81.421744, "o", "g ejemplos/neg.asm\b\b\b\b\b\b\b\b\b\b\b\b\b\b\b\b\b"]
[85.420773, "o", "\r\n"]
[85.443665, "o", "^� �"]
[85.444493, "o", "\u001b]0;oso@laptop-fai: ~/mcbe-master\u0007oso@laptop-fai:~/mcbe-master$ "]
[88.20812, "o", "./mcbeas -g ejemplos/neg.asm"]
[88.869765, "o", " "]
[89.1735, "o", ">"]
[89.587972, "o", " "]
[90.258154, "o", "n"]
[90.477132, "o", "e"]
[90.698068, "o", "g"]
[92.30009, "o", "."]
[92.679458, "o", "e"]
[92.788415, "o", "x"]
[92.911399, "o", "e"]
[95.000698, "o", "\r\n"]
[95.043294, "o", "\u001b]0;oso@laptop-fai: ~/mcbe-master\u0007oso@laptop-fai:~/mcbe-master$ "]
[96.22576, "o", "l"]
[96.325213, "o", "s"]
[96.441368, "o", " "]
[96.577006, "o", "-"]
[96.779258, "o", "l"]
[96.941442, "o", " "]
[97.250357, "o", "n"]
[97.416116, "o", "e"]
[97.570048, "o", "g"]
[97.766537, "o", "."]
[97.957247, "o", "e"]
[98.048971, "o", "x"]
[98.205959, "o", "e"]
[98.821798, "o", "\r\n"]
[98.828292, "o", "-rw-r--r-- 1 oso oso 5 Feb 17 06:51 neg.exe\r\n"]
[98.829825, "o", "\u001b]0;oso@laptop-fai: ~/mcbe-master\u0007oso@laptop-fai:~/mcbe-master$ "]
[103.175388, "o", "."]
[103.806448, "o", "/"]
[104.396498, "o", "m"]
[104.642678, "o", "c"]
[104.796013, "o", "b"]
[104.923045, "o", "e"]
[105.149147, "o", " "]
[105.408878, "o", "n"]
[105.630095, "o", "e"]
[106.082583, "o", "g"]
[106.341782, "o", "."]
[106.526003, "o", "e"]
[106.628363, "o", "x"]
[106.787368, "o", "e"]
[107.00226, "o", "\r\n"]
[109.400322, "o", "6"]
[110.563714, "o", "\r\n"]
[110.565145, "o", "4\r\n"]
[110.566757, "o", "\u001b]0;oso@laptop-fai: ~/mcbe-master\u0007oso@laptop-fai:~/mcbe-master$ "]
[114.188613, "o", "c"]
[114.292122, "o", "a"]
[114.540117, "o", "t"]
[114.704509, "o", " "]
[115.613573, "o", "e"]
[115.769598, "o", "j"]
[115.883429, "o", "e"]
[115.992595, "o", "m"]
[116.217428, "o", "p"]
[116.321315, "o", "l"]
[116.49973, "o", "o"]
[116.586571, "o", "s"]
[116.891022, "o", "/"]
[117.323654, "o", "t"]
[117.401082, "o", "e"]
[117.638574, "o", "s"]
[117.792933, "o", "t"]
[118.052951, "o", "1"]
[118.591028, "o", "."]
[119.740673, "o", "c"]
[119.971003, "o", "\r\n"]
[119.973714, "o", "int main()\r\n{\r\n\tint a = 0;\r\n\twhile(a != 10) {\r\n\t\tprintf(\"A\");\r\n\t\ta++;\r\n\t}\r\n}\r\n"]
[119.975204, "o", "\u001b]0;oso@laptop-fai: ~/mcbe-master\u0007oso@laptop-fai:~/mcbe-master$ "]
[124.810661, "o", "."]
[125.487847, "o", "/"]
[125.953285, "o", "m"]
[126.594415, "o", "c"]
[126.978112, "o", "b"]
[127.237859, "o", "e"]
[127.604529, "o", "c"]
[127.757246, "o", "c"]
[128.428664, "o", " "]
[129.127517, "o", "e"]
[130.607612, "o", "j"]
[130.809646, "o", "e"]
[131.417911, "o", "m"]
[131.844937, "o", "p"]
[131.919161, "o", "l"]
[132.162133, "o", "o"]
[132.412172, "o", "s"]
[133.035616, "o", "/"]
[133.758858, "o", "t"]
[133.835564, "o", "e"]
[134.007221, "o", "s"]
[134.150656, "o", "t"]
[134.314349, "o", "1"]
[134.603055, "o", "."]
[135.472697, "o", "c"]
[136.132164, "o", " "]
[136.352173, "o", ">"]
[136.51626, "o", " "]
[136.834118, "o", "t"]
[136.923263, "o", "e"]
[137.109041, "o", "s"]
[137.211149, "o", "t"]
[137.407213, "o", "1"]
[137.66058, "o", "."]
[138.062935, "o", "a"]
[138.137358, "o", "s"]
[139.87915, "o", "m"]
[140.399831, "o", "\r\n"]
[140.441711, "o", "\u001b]0;oso@laptop-fai: ~/mcbe-master\u0007oso@laptop-fai:~/mcbe-master$ "]
[141.885261, "o", "m"]
[141.999413, "o", "o"]
[142.805132, "o", "r"]
[142.890084, "o", "e"]
[143.053926, "o", " "]
[143.222975, "o", "t"]
[143.30146, "o", "e"]
[143.485919, "o", "s"]
[143.577221, "o", "t"]
[143.803963, "o", "1"]
[144.053018, "o", "."]
[144.44953, "o", "a"]
[144.534704, "o", "s"]
[144.710045, "o", "m"]
[145.270508, "o", "\r\n"]
[145.275252, "o", "LAZO0:\tLD A\r\n\tSUB DATO00\r\n\tJZ FIN0\r\nLBL01:\tLD STR03\r\n\tJZ END04\r\n\tST OUT\r\n\tLD LBL01\r\n\tADD INC02\r\n\tST LBL01\r\n\tJMP LBL01\r\n"]
[145.275748, "o", "END04:\tLD REN05\r\n\tST LBL01\r\n\tLD A\r\n\tADD DATO06\r\n\tST A\r\n\tJMP LAZO0\r\nFIN0:\tNOP\r\n\tHLT\r\nA:\t0\r\nDATO00:\t10\r\nINC02:"]
[145.275913, "o", "\t1\r\nREN05:\tLD STR03\r\nSTR03:\t65\r\n"]
[145.276355, "o", "\u001b[7m--More--(94%)\u001b[27m"]
[146.606487, "o", "\r\u001b[K\t0\r\n\u001b[7m--More--(95%)\u001b[27m"]
[147.078588, "o", "\r\u001b[KDATO06:\t1\r\n"]
[147.079697, "o", "\u001b]0;oso@laptop-fai: ~/mcbe-master\u0007oso@laptop-fai:~/mcbe-master$ "]
[152.015872, "o", "."]
[152.707263, "o", "/"]
[153.773467, "o", "m"]
[154.674896, "o", "c"]
[155.322467, "o", "b"]
[155.474969, "o", "e"]
[156.222689, "o", "a"]
[156.284879, "o", "s"]
[157.140627, "o", " "]
[157.861957, "o", "-"]
[159.09026, "o", "g"]
[159.71391, "o", " "]
[161.448962, "o", "t"]
[161.513361, "o", "e"]
[161.688927, "o", "s"]
[161.824988, "o", "t"]
[161.978323, "o", "1"]
[162.18239, "o", "."]
[162.480851, "o", "a"]
[162.516701, "o", "s"]
[162.652688, "o", "m"]
[163.723737, "o", " "]
[163.888403, "o", ">"]
[164.358268, "o", " "]
[164.765276, "o", "t"]
[164.848494, "o", "e"]
[165.037516, "o", "s"]
[165.172429, "o", "t"]
[165.359481, "o", "1"]
[165.668455, "o", "."]
[166.030279, "o", "e"]
[166.12624, "o", "x"]
[166.234601, "o", "e"]
[166.417888, "o", "\r\n"]
[166.462197, "o", "\u001b]0;oso@laptop-fai: ~/mcbe-master\u0007oso@laptop-fai:~/mcbe-master$ "]
[168.602245, "o", "l"]
[168.72993, "o", "s"]
[168.851011, "o", " "]
[168.982164, "o", "-"]
[169.253343, "o", "l"]
[169.405423, "o", " "]
[169.651066, "o", "t"]
[169.742211, "o", "e"]
[169.906207, "o", "s"]
[170.026354, "o", "t"]
[170.195783, "o", "1"]
[170.342833, "o", "."]
[170.597682, "o", "e"]
[170.713394, "o", "x"]
[170.831694, "o", "e"]
[171.003658, "o", "\r\n"]
[171.0097, "o", "-rw-r--r-- 1 oso oso 25 Feb 17 06:52 test1.exe\r\n"]
[171.011293, "o", "\u001b]0;oso@laptop-fai: ~/mcbe-master\u0007oso@laptop-fai:~/mcbe-master$ "]
[177.234973, "o", "."]
[177.847483, "o", "/"]
[178.167973, "o", "m"]
[178.366363, "o", "c"]
[178.499058, "o", "b"]
[178.617338, "o", "e"]
[178.782496, "o", " "]
[179.014307, "o", "t"]
[179.068079, "o", "e"]
[179.268958, "o", "s"]
[179.439399, "o", "t"]
[179.649274, "o", "1"]
[179.837591, "o", "."]
[180.024675, "o", "e"]
[180.139915, "o", "x"]
[180.252478, "o", "e"]
[181.298336, "o", "\r\n"]
[181.310538, "o", "65\r\n"]
[181.31114, "o", "65\r\n"]
[181.31157, "o", "65\r\n"]
[181.311887, "o", "65\r\n"]
[181.312298, "o", "65\r\n"]
[181.312596, "o", "65\r\n"]
[181.312856, "o", "65\r\n"]
[181.312997, "o", "65\r\n"]
[181.313232, "o", "65\r\n"]
[181.313551, "o", "65\r\n"]
[181.315166, "o", "\u001b]0;oso@laptop-fai: ~/mcbe-master\u0007oso@laptop-fai:~/mcbe-master$ "]
[183.623106, "o", "./mcbe test1.exe"]
[184.309755, "o", "\b"]
[184.498616, "o", "\b"]
[184.648265, "o", "\b"]
[184.785486, "o", "\b"]
[184.936895, "o", "\b"]
[185.074539, "o", "\b"]
[185.215402, "o", "\b"]
[185.35325, "o", "\b"]
[185.830433, "o", "\b"]
[186.90738, "o", "-test1.exe\b\b\b\b\b\b\b\b\b"]
[187.212557, "o", "Atest1.exe\b\b\b\b\b\b\b\b\b"]
[187.313567, "o", " test1.exe\b\b\b\b\b\b\b\b\b"]
[187.812674, "o", "\r\n"]
[187.826471, "o", "A\r\n"]
[187.827447, "o", "A\r\n"]
[187.827641, "o", "A\r\n"]
[187.828203, "o", "A\r\n"]
[187.828773, "o", "A\r\n"]
[187.829292, "o", "A\r\n"]
[187.829748, "o", "A\r\n"]
[187.830731, "o", "A\r\n"]
[187.831152, "o", "A\r\n"]
[187.831763, "o", "A\r\n"]
[187.834209, "o", "\u001b]0;oso@laptop-fai: ~/mcbe-master\u0007oso@laptop-fai:~/mcbe-master$ "]
[188.75228, "o", "./mcbe -A test1.exe"]
[189.554492, "o", "\b\b\b"]
[189.857328, "o", "\b\b\b\b\b\b"]
[190.305034, "o", "\b"]
[191.031759, "o", "\b\u001b[1P test1.exe\b\b\b\b\b\b\b\b\b\b"]
[191.904156, "o", "H test1.exe\b\b\b\b\b\b\b\b\b\b"]
[192.473052, "o", "\r\n"]
[192.485753, "o", "41\r\n"]
[192.486344, "o", "41\r\n"]
[192.486713, "o", "41\r\n"]
[192.48742, "o", "41\r\n"]
[192.487761, "o", "41\r\n"]
[192.488322, "o", "41\r\n"]
[192.488899, "o", "41\r\n"]
[192.489473, "o", "41\r\n"]
[192.490144, "o", "41\r\n"]
[192.490585, "o", "41\r\n"]
[192.493109, "o", "\u001b]0;oso@laptop-fai: ~/mcbe-master\u0007oso@laptop-fai:~/mcbe-master$ "]
[195.864731, "o", "exit\r\n"]
